Name,Term,ES,NES,NOM p-val,FDR q-val,FWER p-val,Tag %,Gene %,Lead_genes
prerank,Interferon Alpha Response,0.908790196210143,1.8822599390717907,0.0,0.0,0.0,66/96,5.48%,EIF2AK2;BST2;MX1;ISG15;PARP14;EPSTI1;B2M;IFI44;IRF7;IFI44L;SAMD9L;PARP9;HLA-C;SP110;GBP2;STAT2;PSME1;DDX60;IRF1;IFIT3;LY6E;LAP3;GBP4;ADAR;PSME2;SAMD9;CD74;IRF9;PNPT1;HERC6;PSMB9;IFITM2;TXNIP;IFI30;TRIM14;NCOA7;PARP12;ISG20;RSAD2;OASL;TRIM5;PLSCR1;IFIH1;CMPK2;TAP1;NUB1;HELZ2;CMTR1;CASP1;PSMB8;TENT5A;OGFR;IFITM3;CASP8;OAS1;UBE2L6;IFI35;RNF31;TRIM26;IRF2;PSMA3;TRIM25;NMI;LPAR6;IL15;TMEM140
prerank,Interferon Gamma Response,0.8498631808596585,1.8342744562434072,0.0,0.0,0.0,103/198,5.80%,EIF2AK2;BST2;MX1;ISG15;RNF213;STAT1;PARP14;HLA-B;EPSTI1;B2M;XAF1;HLA-A;IFI44;IRF7;APOL6;TAPBP;IFI44L;CCL5;SAMD9L;SP110;MX2;GZMA;STAT2;PSME1;DDX60;IRF1;IFIT3;ZNFX1;LY6E;LAP3;GBP4;NLRC5;OAS3;OAS2;ADAR;PSME2;CD74;IRF9;STAT4;PNPT1;HERC6;PSMB9;IFITM2;SLAMF7;TXNIP;TNFSF10;IFI30;TRIM14;LCP2;CASP4;AUTS2;KLRK1;PSMB10;PARP12;ISG20;RSAD2;IL15RA;OASL;PLSCR1;IFIH1;CMPK2;TAP1;PDE4B;DDX58;PTPN6;HELZ2;SPPL2A;CMTR1;IL10RA;ZBP1;CASP1;PSMB8;IFNAR2;VAMP8;MT2A;HLA-DRB1;OGFR;IL2RB;RIPK1;GCH1;PSMA2;IFITM3;CASP8;ST8SIA4;FGL2;UBE2L6;PIM1;IFI35;RNF31;TRIM26;CD69;IRF2;RBCK1;FAS;PSMA3;MVP;TRIM25;CD38;NMI;IL15;PML;SECTM1;ST3GAL5
prerank,Allograft Rejection,0.7512199709847092,1.614213066155807,0.0,0.0071532578424304116,0.021,79/190,8.08%,STAT1;B2M;HLA-A;HLA-E;IRF7;TAPBP;CCL5;ITGAL;FLNA;PRF1;ITGB2;GBP2;GZMA;RPL39;KLRD1;CD74;STAT4;CD2;RPS19;CD3E;CD96;LCP2;FYB1;IL2RG;PSMB10;ETS1;ZAP70;CD3G;TGFB1;HLA-DRA;RPL9;TAP1;CD3D;LY75;PTPN6;LCK;TPD52;CD8A;EIF5A;GZMB;CD7;WAS;PTPRC;GLMN;CCR1;IFNAR2;CD247;CCND3;EIF3A;IL2RB;IL18RAP;ST8SIA4;CSK;F2R;IL16;GALNT1;FAS;IGSF6;CCL4;EIF3J;BCL10;RPS3A;IL27RA;MAP3K7;CCND2;TAP2;IL15;CFP;HCLS1;HLA-DMB;MAP4K1;IKBKB;TIMP1;CD8B;LTB;CCR5;GPR65;HLA-DMA;CD47
prerank,Oxidative Phosphorylation,0.7263469749994118,1.564690652936323,0.0,0.011705331014886128,0.046,134/200,16.86%,ATP5F1E;COX4I1;ATP6V0C;SLC25A6;UQCRH;TCIRG1;UQCR11;ATP5MG;COX7C;DECR1;UQCRC1;SLC25A3;NDUFS1;UQCRB;LDHB;NDUFV1;COX5B;IDH2;COX8A;CPT1A;ATP6AP1;ATP6V0B;ATP5F1D;ATP5PO;ATP5F1B;ETFA;NNT;NQO2;ATP5MC2;HADHB;ATP5ME;NDUFA4;ACADVL;SLC25A5;ETFB;FDX1;COX6B1;UQCRQ;ATP6V0E1;AFG3L2;TOMM22;ATP5PB;COX5A;ATP6V1H;NDUFB5;COX6C;BAX;NDUFB1;ATP5PF;NDUFA3;COX7B;SDHC;HADHA;NDUFA2;PHB2;UQCRFS1;NDUFA7;NDUFS8;NDUFB7;PMPCA;UQCR10;COX6A1;BCKDHA;NDUFS4;TOMM70;MDH2;CS;IDH3B;NDUFC2;GPI;GPX4;SURF1;NDUFB8;COX7A2L;ATP5MF;NDUFA1;ATP6V1G1;SDHD;ECHS1;NDUFB2;ATP6V1F;ECH1;ACAA2;NDUFS3;MRPS12;COX11;VDAC1;NDUFS6;MDH1;POLR2F;SDHA;COX10;ATP5F1A;ATP6V1C1;MRPL34;ISCA1;TIMM13;PDHA1;ACAA1;SLC25A20;AIFM1;IDH1;NDUFS7;MTRR;CYB5R3;CASP7;DLAT;ACO2;ATP6V1D;ATP5PD;ACADM;SLC25A12;GRPEL1;NDUFB4;TIMM8B;SLC25A11;OXA1L;NDUFB6;MFN2;PRDX3;DLST;HSPA9;MRPS11;MTX2;MRPS22;CYCS;PDK4;NDUFB3;PHYH;COX7A2;LDHA;NDUFAB1;CYC1;GOT2
prerank,Myc Targets V1,0.6814371801637246,1.4805434984616597,0.0,0.035115993044658386,0.149,122/196,16.86%,RPL34;RPL18;RPS6;RPS2;SET;RPS3;RACK1;RPL6;CUL1;HSP90AB1;PCBP1;HNRNPA1;RPL14;RPLP0;RPL22;G3BP1;KPNB1;PA2G4;EIF2S2;CANX;RPS10;FAM120A;PPIA;RPS5;PPM1G;SERBP1;EIF4E;HNRNPR;UBE2L3;SLC25A3;PSMA2;DEK;SRSF3;EIF4A1;SRPK1;SRSF2;PSMA7;CBX3;EIF3J;SNRPA1;COX5A;SNRPD3;BUB3;PSMD8;NOP56;PHB2;HDAC2;PHB;RNPS1;CNBP;RAN;YWHAQ;PTGES3;HDGF;XRCC6;PWP1;USP1;CCT5;SF3B3;U2AF1;TOMM70;PABPC4;ORC2;FBL;SSB;DUT;PSMA4;DDX18;TUFM;GSPT1;CCT4;PRPS2;GLO1;ACP1;RRM1;SRSF7;VDAC1;EEF1B2;CCT3;AP3S1;STARD7;MCM6;XPOT;IMPDH2;EIF3D;SNRPD2;RSL1D1;NCBP1;SF3A1;PSMA6;SNRPD1;NPM1;PSMD14;EIF3B;HNRNPA2B1;EIF4H;SRSF1;LSM7;CAD;HSPE1;PSMB3;PRPF31;PSMC4;TRIM28;SNRPA;NHP2;LSM2;RUVBL2;HDDC2;PRDX3;CTPS1;RANBP1;MYC;PSMD7;KPNA2;PABPC1;CSTF2;VBP1;LDHA;NDUFAB1;CYC1;GOT2
prerank,KRAS Signaling Dn,0.638702684774613,1.372312684278177,0.01330603889457523,0.12453171607503853,0.488,15/179,8.34%,MX1;IFI44L;SIDT1;RSAD2;MFSD6;SLC16A7;TENT5C;CLSTN3;LFNG;YPEL1;MAST3;CPEB3;BARD1;ASB7;FGGY
prerank,Unfolded Protein Response,0.6501618965764717,1.368597267251407,0.02103049421661409,0.11203673971391007,0.506,52/108,15.53%,EEF2;ERN1;CALR;SEC11A;RPS14;HSP90B1;SERP1;DCP1A;EIF4E;EIF4A1;SEC31A;EIF4A2;CEBPB;KHSRP;PDIA6;HERPUD1;BANF1;ZBTB17;NOP56;DKC1;EXOC2;DDX10;KIF5B;WIPI1;SPCS1;LSM4;IFIT1;CNOT6;CNOT2;XBP1;ATF4;EIF4G1;XPOT;TATDN2;SRPRA;ALDH18A1;NPM1;SRPRB;NOP14;ATF3;SLC7A5;EXOSC9;EXOSC1;PDIA5;LSM1;MTHFD2;GOSR2;IMP3;NHP2;HYOU1;HSPA9;SPCS3
prerank,Inflammatory Response,0.6355281944082806,1.3639724829436912,0.011190233977619531,0.10327516010008907,0.524,33/197,5.40%,EIF2AK2;BST2;IRF7;TAPBP;CCL5;IRF1;LY6E;EMP3;RASGRP1;TNFSF10;LCP2;CD14;IL15RA;SLC4A4;PDE4B;CD48;LCK;IL10RA;SLAMF1;IL2RB;IL18RAP;GCH1;TNFRSF1B;IL7R;CD69;CD82;LDLR;IL18R1;SELENOS;NMI;RHOG;SLC31A1;IL15
prerank,Reactive Oxygen Species Pathway,0.6830272572236101,1.3381944619571244,0.05172413793103448,0.1256155430208613,0.647,27/49,14.12%,FTL;LSP1;JUNB;TXN;SOD1;OXSR1;GSR;SELENOS;GCLM;G6PD;PRDX1;PRDX2;CAT;HMOX2;PTPA;ATOX1;GPX4;CDKN2D;EGLN2;PFKP;PRNP;ERCC2;LAMTOR5;SOD2;GLRX;NDUFB4;GLRX2
prerank,UV Response Dn,-0.44814228936158984,-1.32857919266928,0.0,0.1660802251935257,0.11635220125786164,29/142,3.63%,PTEN;MAPK14;IGF1R;PRKCA;ATP2B1;TGFBR2;PHF3;CELF2;SDC2;DYRK1A;LPAR1;NIPBL;RASA2;ZMIZ1;YTHDC1;FYN;VAV2;ABCC1;PRDM2;PEX14;DUSP1;SIPA1L1;NFKB1;ACVR2A;RXRA;SPOP;NR3C1;TOGARAM1;ATP2C1
prerank,PI3K/AKT/mTOR  Signaling,0.6082693655872464,1.2772852024024217,0.05308775731310943,0.23391153144747445,0.887,49/105,13.61%,CFL1;PFN1;STAT2;ACTR2;CALR;YWHAB;ARHGDIA;IL2RG;PPP1CA;HSP90B1;LCK;ARPC3;AP2M1;MKNK2;EIF4E;TBK1;RIPK1;RPS6KA1;GRK2;RPTOR;PTPN11;PLCB1;MAP3K7;PRKAR2A;SMAD2;SLC2A1;PLCG1;MAP2K3;PIK3R3;SQSTM1;DAPP1;ECSIT;NOD1;TNFRSF1A;PAK4;PIKFYVE;ARF1;TSC2;NCK1;RALB;MAP2K6;IRAK4;PRKCB;PPP2R1B;AKT1;PLA2G12A;MYD88;PIN1;VAV3
prerank,Protein Secretion,0.6072901531032262,1.274815545032357,0.0707395498392283,0.21982966352956598,0.893,41/96,10.29%,CTSC;GNAS;VPS4B;CD63;AP2B1;TPD52;AP2S1;AP2M1;LMAN1;GALC;PAM;LAMP2;ANP32E;NAPA;SOD1;SEC31A;CLCN3;ERGIC3;VPS45;SCAMP3;ATP6V1H;IGF2R;RER1;RAB9A;STX16;COPE;ADAM10;CLTA;COPB2;TMED2;SEC22B;USO1;YIPF6;GBF1;ARFGAP3;TSG101;ARF1;YKT6;AP3S1;COPB1;BNIP3
prerank,Complement,0.5885463293919645,1.2730010274920787,0.02666666666666667,0.20533101488612748,0.897,66/199,12.40%,IRF7;CCL5;PFN1;GNAI2;GZMA;IRF1;LAP3;CTSC;PSMB9;RASGRP1;CTSD;CALM1;S100A9;LCP2;CASP4;PLEK;KIF2A;CBLB;GZMK;PLSCR1;ERAP2;LCK;EHD1;GZMB;CASP1;WAS;CALM3;PPP4C;LAMP2;GNG2;GNB2;DOCK10;PIM1;PIK3CG;SERPINA1;GATA3;IRF2;FDX1;APOBEC3G;DOCK9;CEBPB;RHOG;CD46;VCPIP1;PRDM4;TIMP1;CASP10;FCER1G;ATOX1;HSPA1A;DGKH;ITGAM;CASP3;DPP4;CTSH;LRP1;JAK2;ZEB1;ME1;CASP7;USP14;CTSB;APOBEC3F;LIPA;PIK3R5;CTSS
prerank,DNA Repair,0.5796122815547416,1.2381466885788974,0.06914344685242518,0.27860188498892435,0.968,77/150,17.90%,EDF1;CMPK2;PDE4B;APRT;BCAP31;GUK1;EIF1B;NME3;REV3L;NFX1;SUPT5H;SF3A3;TAF13;GTF2F1;ERCC5;DAD1;RBX1;TAF10;SEC61A1;ARL6IP1;HCLS1;TMED2;VPS28;AGO4;POLR2E;MPC2;DUT;DDB2;SRSF6;ERCC3;GPX4;NT5C3A;SURF1;TSG101;VPS37B;SUPT4H1;RPA2;SSRP1;AK3;USP11;ADA;POLR2F;NT5C;POLR3C;POLR2G;IMPDH2;ELOA;CLP1;TAF12;POLR2D;ERCC2;POLR3GL;NUDT21;ITPA;POLR2J;POLA2;NELFCD;ERCC1;TAF1C;POLD4;RAD52;NELFB;XPC;GTF2H3;ALYREF;BRF2;TP53;MPG;POLR1C;POLA1;NUDT9;MRPL40;GTF2H5;TAF6;POLH;RFC5;SNAPC4
prerank,mTORC1 Signaling,0.5701489984016453,1.2295663519861058,0.07077856420626896,0.2869896336328331,0.978,79/198,13.56%,GAPDH;ITGB2;CORO1A;SLC9A3R1;CTSC;SYTL2;ACTR2;CALR;SEC11A;IFI30;HSP90B1;EIF2S2;CANX;SERP1;PPIA;NMT1;TPI1;TBK1;ARPC5L;FGL2;ADIPOR2;NIBAN1;LDLR;BHLHE40;GSR;PSMA3;ELOVL5;ENO1;SLC2A1;G6PD;CFP;ACLY;PRDX1;MAP2K3;NUFIP1;ELOVL6;RPA1;USO1;PIK3R3;SQSTM1;TCEA1;DAPP1;PGM1;GGA2;PSMA4;PITPNB;UFM1;ADD3;GPI;RDH11;XBP1;UCHL5;PPA1;ABCF2;HSPA4;DDX39A;YKT6;GMPS;CCNG1;PDAP1;IDH1;PFKL;M6PR;SDF2L1;FKBP2;SHMT2;RPN1;ME1;NFYC;PSMD14;SLC7A5;ATP6V1D;EBP;DHFR;BCAT1;PSME3;HSPE1;MTHFD2;PSMC4
prerank,Apoptosis,0.5645014399385632,1.1990758710616514,0.11248710010319918,0.37144917087238644,0.997,49/156,9.00%,TGFBR3;PRF1;IRF1;CD2;TXNIP;TNFSF10;CFLAR;CASP4;CD14;ISG20;TAP1;CASP1;XIAP;CDC25B;PDCD4;BCAP31;CREBBP;GCH1;DNAJA1;IFITM3;CASP8;TSPO;ADD1;F2R;SOD1;CD69;FAS;MADD;BCL10;GSR;CASP2;CCND2;IGF2R;SLC20A1;CD38;BAX;HMGB2;PLCB2;BCL2L1;CYLD;ANXA1;SQSTM1;GADD45B;TIMP1;DAP3;GPX4;RARA;CASP3;SMAD7
prerank,Pperoxisome,0.5811983993481125,1.1982396110710793,0.14893617021276595,0.35140379150939394,0.997,41/103,13.76%,VPS4B;ACSL5;TSPO;IDH2;SOD1;GSTK1;BCL10;CTBP1;ELOVL5;MVP;ESR2;FDPS;CNBP;PRDX1;CAT;FIS1;ABCD2;IDE;ABCB1;MLYCD;ERCC3;SCP2;RDH11;ACOT8;ECH1;CADM1;PEX2;ECI2;ACAA1;DHRS3;PEX13;PEX11B;IDH1;SLC23A2;DLG4;ABCD3;ERCC1;ATXN1;YWHAH;SOD2;SLC35B2
prerank,Notch Signaling,-0.5065167884998087,-1.1920353800565175,0.16666666666666666,0.2315270935960591,0.29245283018867924,8/32,4.78%,MAML2;PRKCA;ST3GAL6;SAP30;SKP1;TCF7L2;ARRB1;PPARD
prerank,Fatty Acid Metabolism,0.5613734271515145,1.1881517650336186,0.14609053497942387,0.3638407057127105,0.997,61/151,16.99%,PSME1;HSP90AA1;ERP29;ACSL5;LGALS1;DECR1;CPT1A;UBE2L6;ADIPOR2;HADHB;ACADVL;S100A10;MIF;ELOVL5;HIBCH;SDHC;SERINC1;MLYCD;MDH2;SMS;IDH3B;PPARA;RDH11;OSTC;ACOT8;SDHD;ECHS1;ECH1;ACAA2;MDH1;ACSS1;SDHA;BLVRA;CBR1;HSDL2;ECI2;PDHA1;ACAA1;ALDH3A2;RAP1GDS1;IDH1;D2HGDH;NBN;HSPH1;ME1;GRHPR;UROS;ACO2;CRYZ;UROD;ACADM;YWHAH;DLST;CCDC58;MCEE;ENO2;ALAD;PRDX6;LDHA;CPOX;AUH
prerank,Estrogen Response Early,-0.4028019007059277,-1.1768701570294282,0.10526315789473684,0.16936429744311518,0.31236897274633124,30/195,5.67%,FKBP5;TIAM1;IGF1R;ELF1;CD44;MED13L;IL6ST;CHPT1;SVIL;GAB2;RAB31;FOS;B4GALT1;RPS6KA2;TMEM164;RRP12;SNX24;AREG;FAM102A;FDFT1;KLF4;NRIP1;CBFA2T3;ABHD2;KDM4B;TGIF2;ZNF185;SCARB1;EGR3;ABAT
prerank,TGF-beta Signaling,0.5920927963422332,1.1741778977915578,0.20998864926220204,0.39370013807012827,1.0,21/54,10.36%,ID2;SMAD3;PPP1CA;TGFB1;XIAP;JUNB;TRIM33;ARID4B;SPTBN1;HDAC1;TGFBR1;MAP3K7;SLC20A1;FKBP1A;BMPR2;SMAD7;BMPR1A;THBS1;KLF10;SMURF2;RHOA
prerank,E2F Targets,0.544418954917044,1.1733068098860011,0.12923076923076923,0.3757513934120683,1.0,100/198,21.99%,CTCF;PA2G4;CDC25B;DEK;ANP32E;LYAR;SRSF2;NAA38;SMC6;HMGB2;RAD50;NUP107;DNMT1;NOP56;SMC3;RAN;PSIP1;RPA1;XRCC6;USP1;PRKDC;ATAD2;LBR;LMNB1;ORC2;RFC1;MRE11;DUT;BARD1;PHF5A;RBBP7;GSPT1;RPA2;SMC1A;SSRP1;DDX39A;TUBB;EXOSC8;ILF3;JPT1;MCM6;DCK;SMC4;ING3;EED;PRPS1;BRCA2;SNRPB;NBN;DONSON;NUDT21;IPO7;PPP1R8;NUP153;SRSF1;CBX5;POLA2;BRMS1L;HMGA1;CDKN2A;MTHFD2;POP7;PAICS;HUS1;CTPS1;TIPIN;PMS2;TP53;RANBP1;SUV39H1;MYC;KPNA2;MKI67;MMS22L;NCAPD2;NASP;CDKN1A;RAD21;TFRC;LIG1;PNN;POLD1;CCP110;TBRG4;TOP2A;RRM2;MCM3;POLE4;UNG;DCTPP1;CIT;CENPM;STMN1;BRCA1;ZW10;CDCA8;NOLC1;KIF2C;CENPE;RACGAP1
prerank,IL-6/JAK/STAT3 Signaling,0.5689613059160754,1.157276751590931,0.21980413492927095,0.4138809958013487,1.0,37/85,15.08%,STAT1;STAT2;IRF1;ITGA4;IRF9;A2M;IL2RG;CD14;IL15RA;TGFB1;CCR1;TNFRSF1B;PIM1;FAS;PTPN11;IL18R1;CD38;MAP3K8;LTB;TNFRSF1A;STAT3;TYK2;IL3RA;LTBR;HMOX1;IFNAR1;CBL;IL12RB1;CSF2RB;PIK3R5;MYD88;SOCS1;JUN;SOCS3;IL4R;HAX1;CSF1
prerank,p53 Pathway,0.5394483702051448,1.156746215580208,0.15061475409836064,0.39579811737239956,1.0,54/195,12.30%,RPS12;RPL36;S100A4;RPL18;CTSD;RACK1;TXNIP;CD81;PRMT2;IFI30;TGFB1;TAP1;CASP1;STOM;CYFIP2;MKNK2;VAMP8;CCND3;LDHB;MXD4;PITPNC1;F2R;S100A10;CD82;FAS;RHBDF2;SLC35D1;DNTTIP2;KIF13B;ERCC5;CCND2;BAX;SEC61A1;RALGDS;HINT1;ZMAT3;GM2A;DDB2;IER5;PLXNB2;ADA;DEF6;CCNG1;TOB1;TRAFD1;HMOX1;RAP2B;TM7SF3;RAB40C;RCHY1;PRKAB1;ANKRA2;ATF3;IP6K2
prerank,Hypoxia,-0.38867357558464,-1.1472986502995774,0.15,0.1562280084447572,0.3689727463312369,37/193,5.03%,IRS2;MAP3K1;KLF7;PRKCA;FOXO3;TNFAIP3;SDC2;EXT1;MXI1;PLAUR;TES;WSB1;FOS;HK2;NFIL3;KLHL24;CXCR4;PDK1;FAM162A;DUSP1;NDRG1;NOCT;PFKFB3;PGK1;SAP30;SLC6A6;NDST1;BNIP3L;NR3C1;JMJD6;GBE1;DTNA;FBP1;ILVBL;P4HA1;SLC2A3;SCARB1
prerank,Adipogenesis,0.5301712131687931,1.1446637112926246,0.18200408997955012,0.4189089675327429,1.0,82/198,16.84%,UBC;UQCR11;DHRS7;STOM;NMT1;UCP2;TALDO1;DECR1;UQCRC1;PDCD4;PTCD3;TANK;COX8A;ATP5PO;ADIPOR2;CMPK1;REEP5;BAZ2A;SOD1;ETFB;SQOR;PIM3;UQCRQ;COX7B;HIBCH;SDHC;ACLY;ELOVL6;NDUFB7;ESYT1;CAT;ARAF;UQCR10;COX6A1;BCKDHA;MDH2;PGM1;CHCHD10;CS;DDT;MCCC1;SCP2;GPX4;DNAJC15;ECHS1;ECH1;ACAA2;NDUFS3;MTCH2;BCL2L13;PLIN2;TOB1;AIFM1;IDH1;PFKL;SULT1A1;STAT5A;ME1;DGAT1;ATP1B3;SAMM50;TKT;DBT;DLAT;ACO2;GHITM;ESRRA;ACADM;JAGN1;GRPEL1;VEGFB;RMDN3;RREB1;TST;PRDX3;YWHAG;SLC66A3;PEMT;PHYH;COQ9;NDUFAB1;CYC1
prerank,UV Response Up,0.5060853064198355,1.0793754239217734,0.3088082901554404,0.6488400695534162,1.0,50/155,15.26%,IRF1;TMBIM6;HLA-F;RASGRP1;TAP1;AP2S1;JUNB;CCND3;TGFBRAP1;MGAT1;GCH1;DNAJA1;SELENOW;ARRB2;BSG;PRPF3;RAB27A;NFKBIA;POLG2;GLS;SQSTM1;ABCB1;ATP6V1F;CASP3;CLTB;YKT6;ATP6V1C1;GRINA;STARD3;ACAA1;PDAP1;DNAJB1;HMOX1;SULT1A1;RPN1;NXF1;CYB5R1;DGAT1;DLG4;ATF3;BID;UROD;AMD1;SOD2;GRPEL1;FURIN;FKBP4;TST;CDC34;KLHDC3
prerank,Apical Junction,0.49823916351808534,1.0738284819990278,0.3105209397344229,0.644362214965294,1.0,52/195,15.05%,ACTB;PFN1;ACTG1;GNAI2;MSN;CD99;FYB1;MYL12B;CAP1;ACTN4;RAC2;ARPC2;PTPRC;DLG1;EVL;CNN2;TIAL1;VASP;AKT2;MYH9;GTF2F1;CDK8;ARHGEF6;PLCG1;SGCE;ZYX;NF2;NF1;PIK3R3;ICAM2;ADAM15;INPPL1;AKT3;ITGB1;TGFBI;RHOF;TAOK2;NEXN;LIMA1;CD86;RSU1;MVD;NECTIN2;YWHAH;DHX16;IKBKG;CTNNA1;PBX2;INSIG1;EPB41L2;MYH10;NECTIN3
prerank,Myc Targets V2,0.516987193921344,1.0386253153726384,0.4292237442922374,0.7628364222401289,1.0,30/58,20.38%,PA2G4;DUSP2;TCOF1;CBX3;NOP56;PHB;TFB2M;MPHOSPH10;DDX18;RCL1;FARSA;NPM1;HSPE1;GRWD1;NOP2;PPAN;NIP7;PUS1;MYC;IMP4;MYBBP1A;GNL3;NDUFAF4;PRMT3;LAS1L;RRP9;TBRG4;WDR74;UNG;DCTPP1
prerank,Epithelial Mesenchymal Transition,0.4788519616426114,1.0291558875945193,0.40960163432073543,0.7721391590300366,1.0,23/192,9.44%,FLNA;IL32;TGFBR3;EMP3;ID2;PPIB;TGFB1;LGALS1;SGCD;FAS;COPA;IL15;WIPF1;GADD45B;COLGALT1;TIMP1;COL6A2;ITGB1;CALU;TGFBI;THBS1;CADM1;LRP1
prerank,Pancreas Beta Cells,0.5583812290703851,1.0209663076175068,0.47684605757196497,0.774394352790383,1.0,6/30,12.11%,SEC11A;SRP14;SPCS1;AKT3;DPP4;SRPRB
prerank,Bile Acid Metabolism,0.48304369784827833,1.0182454944513961,0.46284501061571126,0.7572931119095078,1.0,38/109,19.22%,NPC1;OPTN;ACSL5;LCK;IDH2;SOD1;GSTK1;GCLM;CROT;CAT;ABCD2;MLYCD;PEX26;ABCA5;SCP2;ABCA3;PEX16;ABCA2;PEX13;IDH1;SLC23A2;ABCD3;ATXN1;SLC35B2;GNPAT;PAOX;PEX6;PHYH;HACL1;AMACR;ALDH8A1;SLC27A5;SLC22A18;FADS2;PRDX5;BCAR3;HSD17B11;EFHC1
prerank,IL-2/STAT5 Signaling,0.46121116076725976,0.9879228692441528,0.5457317073170732,0.8379066118155987,1.0,73/199,14.77%,GBP4;RORA;RABGAP1L;CST7;CD81;TNFSF10;PLSCR1;CD48;MAPKAPK2;IL10RA;PRKCH;CDC42SE2;EOMES;HUWE1;CCND3;IL2RB;GALM;IFITM3;RHOH;FGL2;TNFRSF1B;PIM1;LRIG1;ANXA4;CKAP4;BHLHE40;IL18R1;CCND2;IGF2R;SLC39A8;MAP3K8;BCL2L1;TTC39B;ABCB1;GADD45B;RNH1;LTB;PHTF2;GPX4;GPR65;CTSZ;BMPR2;SYNGR2;PTCH1;XBP1;PTGER2;SYT11;CASP3;SELL;PLAGL1;PTRH2;POU2F1;PLIN2;IL3RA;HOPX;PRNP;DHRS3;NCOA3;BATF;CISH;CD86;SNX14;CD79B;DCPS;SOCS1;LCLAT1;P2RX4;SOCS2;FLT3LG;NOP2;FURIN;TLR7;IL4R
prerank,Apical Surface,0.5075200719250605,0.9776240372434957,0.5313953488372093,0.8447347215742822,1.0,14/43,14.37%,IL2RG;CROCC;IL2RB;FLOT2;ADIPOR2;GATA3;NCOA6;ADAM10;CD160;EFNA5;HSPB1;ATP8B1;AKAP7;MDGA1
prerank,G2-M Checkpoint,0.4537484330372368,0.9756479896166271,0.5736354273944387,0.8238728009751706,1.0,65/195,13.60%,CUL1;SMAD3;CTCF;HSPA8;TGFB1;G3BP1;KPNB1;CDC25B;ATRX;MT2A;MARCKS;NCL;HMGN2;NUMA1;SRSF2;PRPF4B;BUB3;TENT4A;PML;WRN;DKC1;RBL1;E2F4;CCNT1;LBR;SS18;KIF5B;LMNB1;PURA;HIRA;BARD1;GSPT1;DR1;RPA2;SMC1A;EFNA5;CDC7;DDX39A;ILF3;JPT1;MCM6;SMC4;SLC38A1;CHAF1A;BRCA2;UPF1;SNRPD1;CASP8AP2;SRSF10;ABL1;ODF2;FBXO5;SLC7A5;SRSF1;POLA2;FOXN3;NUP50;HMGA1;SLC12A2;ORC5;ATF5;ARID4A;AMD1;CDC27;NDC80
prerank,Estrogen Response Late,0.4439288791608369,0.9528943734843659,0.620162932790224,0.8701877200050894,1.0,37/193,12.61%,DNAJC1;ATP2B4;SLC9A3R1;ID2;S100A9;ISG20;PTPN6;DUSP2;PDCD4;ZFP36;LLGL2;RABEP1;IDH2;SERPINA1;ETFB;JAK1;AFF1;PRSS23;BAG1;ELOVL5;COX6C;NXT1;PLAAT3;ADD3;DLG5;XBP1;ABCA3;MICB;CACNA2D2;JAK2;TOB1;ALDH3A2;BATF;CISH;CLIC3;SLC7A5;SLC26A2
prerank,Xenobiotic Metabolism,0.43243385626908565,0.9383771562771311,0.6461538461538462,0.8865310297941029,1.0,36/188,13.93%,NPC1;LPIN2;ID2;TMBIM6;PSMB10;DHRS7;CYFIP2;NMT1;MT2A;GCH1;CNDP2;FAS;SLC35D1;GSR;ELOVL5;CROT;PTGES3;CAT;ABCD2;TMEM176B;DDT;TNFRSF1A;ACP1;ECH1;SLC35B1;MAN1A1;CBR1;HMOX1;IDH1;MTHFD1;SHMT2;ABHD6;ACO2;BCAT1;ACP2;SLC46A3
prerank,Myogenesis,0.4362276760351649,0.9375050512773967,0.6683725690890481,0.8627804402222318,1.0,31/191,12.05%,LSP1;TGFB1;CFD;TPM3;ATP6AP1;SGCD;BIN1;AKT2;MYH9;NCAM1;EIF4A2;BHLHE40;FLII;GNAO1;BAG1;LPIN1;GAA;FDPS;ADCY9;MEF2D;GADD45B;COL6A2;SYNGR2;ITGB1;TSC2;PLXNB2;OCEL1;PRNP;DAPK2;SH2B1;SIRT2
prerank,Androgen Response,0.44489952030966745,0.9177522775551205,0.6706263498920086,0.8907199505613347,1.0,21/99,8.49%,B2M;MYL12A;STK39;MAF;TMEM50A;PA2G4;TPD52;CDK6;LMAN1;CCND3;IQGAP2;APPBP2;GSR;ELOVL5;UBE2I;XRCC6;DBI;SRP19;SMS;ELK4;RAB4A
prerank,heme Metabolism,0.4222460622737954,0.9101391052804875,0.7134020618556701,0.8863536762938773,1.0,80/192,19.41%,KAT2B;LPIN2;OPTN;TFDP2;LRP10;UCP2;FBXO7;CCND3;LAMP2;CAST;ADD1;NNT;HAGH;TSPAN5;ARL2BP;GYPC;ARHGEF12;CLCN3;RNF19A;BSG;TENT5C;RBM5;GCLM;SLC2A1;PRDX2;MAP2K3;HDGF;RAD23A;CDR2;CAT;TMEM9B;TCEA1;NARF;DCAF10;DCAF11;PGLS;ENDOD1;MFHAS1;EZH1;RCL1;GMPS;BLVRA;GLRX5;ISCA1;KHNYN;NCOA4;CTSB;UROS;NEK7;RANBP10;UROD;FBXO9;ACP5;CDC27;HTATIP2;KLF3;FOXJ2;ACSL6;NFE2L1;SNCA;EIF2AK1;BTRC;EPB41;BPGM;ABCB6;ALAD;CPOX;TNRC6B;ADIPOR1;LMO2;MOSPD1;SIDT2;OSBP2;TFRC;DCUN1D1;TNS1;SLC22A4;GAPVD1;CTNS;SLC25A38
prerank,KRAS Signaling Up,0.42408937657876167,0.9070448845477794,0.7147239263803681,0.8692790080041448,1.0,29/192,7.37%,ITGB2;CCSER2;RABGAP1L;ID2;LAPTM5;IL2RG;CD37;ETS1;LCP1;STRN;IL10RA;PSMB8;PRDM1;TNFRSF1B;IL7R;GYPC;AKT2;WDR33;ADAM8;CCND2;ST6GAL1;CROT;ZNF277;MAP4K1;KIF5C;ABCB1;TMEM176A;FCER1G;TMEM176B
prerank,Coagulation,0.4266161656858282,0.8974502581604876,0.7089005235602094,0.867118600181696,1.0,24/131,17.46%,CAPN2;A2M;PLEK;CFD;LAMP2;GNB2;SERPINA1;PRSS23;ANXA1;TIMP1;DPP4;USP11;CTSH;THBS1;LRP1;CTSB;SIRT2;CFH;FURIN;GSN;PREP;RAC1;SERPING1;SH2B2
prerank,Mitotic Spindle,0.4152198617045912,0.8901615572616526,0.7656090071647902,0.8614673421917155,1.0,68/199,15.40%,FLNA;ARHGEF3;SUN2;ARF6;ARHGDIA;ACTN4;RICTOR;SOS1;ARHGEF2;DLG1;BCR;CNTRL;RANBP9;RALBP1;DYNC1H1;MARCKS;ARHGAP10;PCGF5;ARHGAP4;BIN1;KIFAP3;SPTBN1;ARHGEF12;MYH9;NUMA1;EZR;DYNLL2;CD2AP;SMC3;LATS1;MARK4;PCNT;WASF2;NF1;KIF5B;LMNB1;RFC1;SEPTIN9;ARHGAP5;SMC1A;RHOF;NCK1;SMC4;TUBGCP2;TAOK2;MAP3K11;PXN;ABI1;BRCA2;PKD2;CEP57;CKAP5;ARL8A;ABL1;FBXO5;SASS6;PALLD;CEP192;NEDD9;CDC27;NDC80;NET1;EPB41L2;GSN;MYH10;CYTH2;INCENP;KIF3B
prerank,TNF-alpha Signaling via NF-kB,0.41066414815693514,0.8735811205580727,0.7863682604272635,0.8737298019424065,1.0,37/200,6.79%,CCL5;IRF1;ID2;SMAD3;CFLAR;PLEK;KLF2;NFAT5;IL15RA;IFIH1;TAP1;PDE4B;DDX58;B4GALT5;EHD1;DUSP2;JUNB;EIF1;TIPARP;GCH1;ZFP36;TANK;TNIP1;MARCKS;IL7R;CD69;PNRC1;CCL4;LDLR;BHLHE40;CEBPB;IER2;MAP3K8;MAP2K3;NFKBIA;SQSTM1;GADD45B
prerank,Wnt-beta Catenin Signaling,0.44329860463652965,0.8450843095169801,0.7373271889400922,0.9060449614632285,1.0,11/41,16.07%,CUL1;AXIN1;CCND2;HDAC2;PTCH1;TCF7;MAML1;HDAC11;HDAC5;TP53;MYC
prerank,Cholesterol Homeostasis,0.4136595584364185,0.8370720267291776,0.7788778877887789,0.8975480603200184,1.0,19/74,13.89%,ACTG1;PLSCR1;S100A11;NIBAN1;PNRC1;LDLR;FDPS;FBXO6;STX5;TP53INP1;ECH1;ABCA2;GUSB;ATF3;EBP;PDK3;MVD;ATF5;LSS
prerank,Angiogenesis,0.4419084479361922,0.8265027289041661,0.758282208588957,0.8939833138869135,1.0,4/35,7.05%,S100A4;CCND2;FGFR1;TIMP1
prerank,Glycolysis,0.3490496213954256,0.7479718639978019,0.958974358974359,0.9681062501686786,1.0,57/196,17.40%,CHST12;ISG20;KIF2A;PPIA;TPI1;TALDO1;PAM;GFPT1;TXN;SOD1;MIF;RBCK1;FUT8;ZNF292;ENO1;PKM;SDHC;G6PD;SLC35A3;COPB2;LHPP;MDH2;PGLS;SLC16A3;UGP2;AK3;TGFBI;PGAM1;MDH1;PFKP;CITED2;GALK2;B3GAT3;IDH1;PRPS1;GUSB;ME1;PDK3;HOMER1;PGM2;PSMC4;GLRX;FKBP4;HAX1;GOT1;B3GAT1;ENO2;ABCB6;NDUFV3;MPI;LDHA;CASP6;GOT2;B3GALT6;XYLT2;ALG1;NASP
prerank,Hedgehog Signaling,0.38321096000953847,0.7224317961037838,0.8935128518971848,0.9687245241764093,1.0,6/35,8.12%,ADGRG1;CDK6;MYH9;PML;NF1;PTCH1
prerank,Spermatogenesis,0.3294187441904376,0.693550077818934,0.9672995780590717,0.9673014122736333,1.0,14/122,8.37%,TALDO1;PEBP1;TOPBP1;CSNK2A2;PRKAR2A;LPIN1;IL12RB2;NF2;PGS1;IDE;CHFR;ZC3H14;RAD17;PHKG2
