group,names,scores,logfoldchanges,pvals,pvals_adj
0,IRAK3,131.41374,,0.0,0.0
0,RNF144B,121.289055,,0.0,0.0
0,LYZ,120.417915,,0.0,0.0
0,LRMDA,117.941475,,0.0,0.0
0,LRRK2,115.5318,,0.0,0.0
0,MCTP1,113.45298,,0.0,0.0
0,TLR2,112.14471,,0.0,0.0
0,SLC8A1,109.0037,,0.0,0.0
0,CSF3R,108.96116,,0.0,0.0
0,ACSL1,108.02488,,0.0,0.0
0,CD36,105.96159,,0.0,0.0
0,NAMPT,105.20185,,0.0,0.0
0,MIR181A1HG,104.88365,,0.0,0.0
0,DMXL2,104.31429,,0.0,0.0
0,CLEC12A,102.75053,,0.0,0.0
0,MAML3,100.408905,,0.0,0.0
0,IRS2,97.367935,,0.0,0.0
0,SAT1,96.95317,,0.0,0.0
0,KIF13A,94.350044,,0.0,0.0
0,CLEC7A,93.202225,,0.0,0.0
1,GNLY,134.35143,,0.0,0.0
1,CD247,128.63492,,0.0,0.0
1,MCTP2,121.60557,,0.0,0.0
1,NKG7,115.28772,,0.0,0.0
1,PRF1,110.162704,,0.0,0.0
1,KLRF1,104.1476,,0.0,0.0
1,NCALD,102.23666,,0.0,0.0
1,KLRD1,99.67157,,0.0,0.0
1,TGFBR3,99.61091,,0.0,0.0
1,YES1,93.74076,,0.0,0.0
1,SPON2,92.889854,,0.0,0.0
1,MYBL1,90.38927,,0.0,0.0
1,C1orf21,89.86285,,0.0,0.0
1,SYTL3,88.71806,,0.0,0.0
1,NCAM1,87.241875,,0.0,0.0
1,BNC2,85.0999,,0.0,0.0
1,IL2RB,84.68403,,0.0,0.0
1,CEP78,83.64473,,0.0,0.0
1,CCL5,81.80759,,0.0,0.0
1,TFDP2,81.5985,,0.0,0.0
2,INPP4B,113.14252,,0.0,0.0
2,CDC14A,105.807205,,0.0,0.0
2,CAMK4,92.64242,,0.0,0.0
2,ANK3,91.43028,,0.0,0.0
2,IL7R,90.97527,,0.0,0.0
2,RORA,86.80073,,0.0,0.0
2,PRKCA,82.26417,,0.0,0.0
2,LEF1,79.61735,,0.0,0.0
2,DOCK9,77.41057,,0.0,0.0
2,THEMIS,75.783394,,0.0,0.0
2,PATJ,75.29375,,0.0,0.0
2,CD28,73.36583,,0.0,0.0
2,BCL2,71.90991,,0.0,0.0
2,LTB,69.36846,,0.0,0.0
2,ADAM19,68.278755,,0.0,0.0
2,CSGALNACT1,67.67782,,0.0,0.0
2,EPHA4,65.41787,,0.0,0.0
2,TCF7,62.933067,,0.0,0.0
2,FAAH2,62.310444,,0.0,0.0
2,PDE3B,61.852703,,0.0,0.0
3,LEF1,109.82656,,0.0,0.0
3,PRKCA,107.4466,,0.0,0.0
3,FHIT,103.82883,,0.0,0.0
3,CAMK4,102.783394,,0.0,0.0
3,INPP4B,98.063065,,0.0,0.0
3,TSHZ2,96.98935,,0.0,0.0
3,TXK,94.60987,,0.0,0.0
3,TCF7,89.991714,,0.0,0.0
3,PDE3B,87.900536,,0.0,0.0
3,IGF1R,84.353806,,0.0,0.0
3,PLCL1,84.33071,,0.0,0.0
3,BCL2,83.9131,,0.0,0.0
3,MLLT3,81.89893,,0.0,0.0
3,ANK3,80.44663,,0.0,0.0
3,BACH2,79.36289,,0.0,0.0
3,PCED1B,75.946495,,0.0,0.0
3,IL7R,75.50593,,0.0,0.0
3,ITGA6,75.34799,,0.0,0.0
3,CSGALNACT1,73.00989,,0.0,0.0
3,APBA2,72.12386,,0.0,0.0
4,CCL5,109.937164,,0.0,0.0
4,NKG7,102.42387,,0.0,0.0
4,XIST,87.093956,,0.0,0.0
4,IL32,86.33758,,0.0,0.0
4,GZMH,84.7465,,0.0,0.0
4,GZMA,77.21266,,0.0,0.0
4,TGFBR3,72.36189,,0.0,0.0
4,THEMIS,71.697136,,0.0,0.0
4,PPP2R2B,71.65781,,0.0,0.0
4,JUN,70.20567,,0.0,0.0
4,A2M,69.88326,,0.0,0.0
4,GNLY,68.64548,,0.0,0.0
4,PZP,57.379852,,0.0,0.0
4,TOX,56.40242,,0.0,0.0
4,CD8A,56.33065,,0.0,0.0
4,PPP1R16B,55.079853,,0.0,0.0
4,NCALD,54.070282,,0.0,0.0
4,CST7,53.841507,,0.0,0.0
4,C1orf21,51.85221,,0.0,0.0
4,SAMD3,50.207336,,0.0,0.0
5,ANK3,78.86223,,0.0,0.0
5,PDE3B,78.00034,,0.0,0.0
5,ZEB1,73.472115,,0.0,0.0
5,CAMK4,60.577263,,0.0,0.0
5,IL7R,53.95377,,0.0,0.0
5,CD28,53.119186,,0.0,0.0
5,BACH2,52.74418,,0.0,0.0
5,TSHZ2,50.48182,,0.0,0.0
5,INPP4B,47.47703,,0.0,0.0
5,SESN3,46.697742,,0.0,0.0
5,NELL2,44.24203,,0.0,0.0
5,PRKCA,43.594482,,0.0,0.0
5,CD247,43.33182,,0.0,0.0
5,RORA,43.308647,,0.0,0.0
5,LEF1,40.442493,,0.0,0.0
5,FAAH2,39.170555,,0.0,0.0
5,AP3M2,38.715046,,0.0,0.0
5,TCF7,36.968002,,3.742381243147598e-299,1.7992217515132683e-297
5,BTBD11,36.965347,,4.1286934093945697e-299,1.9474968912238535e-297
5,SFMBT1,35.28462,,1.0110703458619644e-272,4.434519060798089e-271
6,XIST,80.13109,,0.0,0.0
6,JUN,78.98679,,0.0,0.0
6,LTB,77.650734,,0.0,0.0
6,INPP4B,69.278015,,0.0,0.0
6,IL7R,68.92609,,0.0,0.0
6,CAMK4,66.14864,,0.0,0.0
6,ANK3,65.93852,,0.0,0.0
6,CDC14A,58.11468,,0.0,0.0
6,IL32,53.825806,,0.0,0.0
6,PRKCA,53.737507,,0.0,0.0
6,ZNF331,51.81429,,0.0,0.0
6,TCF7,45.786415,,0.0,0.0
6,RORA,45.016785,,0.0,0.0
6,TAFA1,43.349445,,0.0,0.0
6,NELL2,43.183712,,0.0,0.0
6,DOCK9,42.632835,,0.0,0.0
6,CD28,42.62857,,0.0,0.0
6,ZEB1,42.496098,,0.0,0.0
6,BACH2,42.197903,,0.0,0.0
6,HIST1H2AC,42.116684,,0.0,0.0
7,TCF4,109.32483,,0.0,0.0
7,ARHGAP24,108.19928,,0.0,0.0
7,ACSM3,108.061165,,0.0,0.0
7,PLEKHG1,107.49271,,0.0,0.0
7,BX284613.2,106.583046,,0.0,0.0
7,AFF3,106.29142,,0.0,0.0
7,AL589693.1,106.22631,,0.0,0.0
7,PRKCE,105.70676,,0.0,0.0
7,VOPP1,104.86596,,0.0,0.0
7,CDK14,102.74545,,0.0,0.0
7,MGAT5,102.652054,,0.0,0.0
7,ROR1,101.44858,,0.0,0.0
7,ADAM28,100.7382,,0.0,0.0
7,BACH2,100.014,,0.0,0.0
7,SFMBT1,99.48872,,0.0,0.0
7,SNED1,99.067085,,0.0,0.0
7,EZR,98.94284,,0.0,0.0
7,RALGPS2,96.86371,,0.0,0.0
7,COBLL1,96.681175,,0.0,0.0
7,SESN3,95.91222,,0.0,0.0
8,CLEC12A,97.78828,,0.0,0.0
8,CD36,90.11793,,0.0,0.0
8,MEGF9,89.32582,,0.0,0.0
8,CREB5,86.00621,,0.0,0.0
8,CPPED1,84.75611,,0.0,0.0
8,DMXL2,83.59092,,0.0,0.0
8,RBM47,82.8855,,0.0,0.0
8,SLC8A1,82.821884,,0.0,0.0
8,FGD4,80.69348,,0.0,0.0
8,DYSF,80.10364,,0.0,0.0
8,LRRK2,78.54691,,0.0,0.0
8,IFI44L,77.24425,,0.0,0.0
8,MCTP1,75.09951,,0.0,0.0
8,SLC11A1,73.19111,,0.0,0.0
8,CSF3R,72.723206,,0.0,0.0
8,NRG1,71.359505,,0.0,0.0
8,IRAK3,71.01329,,0.0,0.0
8,LRMDA,70.68741,,0.0,0.0
8,FRMD4B,70.526855,,0.0,0.0
8,TLR2,70.35339,,0.0,0.0
9,TCF7L2,98.17544,,0.0,0.0
9,MTSS1,91.419266,,0.0,0.0
9,SLC8A1,80.18863,,0.0,0.0
9,WARS,79.18606,,0.0,0.0
9,FCGR3A,78.19322,,0.0,0.0
9,SAT1,73.26622,,0.0,0.0
9,MCTP1,72.73501,,0.0,0.0
9,PPM1L,72.072975,,0.0,0.0
9,FMNL2,70.822525,,0.0,0.0
9,SPRED1,66.3483,,0.0,0.0
9,IRAK3,65.54365,,0.0,0.0
9,DMXL2,65.309586,,0.0,0.0
9,EPS8,63.8861,,0.0,0.0
9,CDKN1C,62.0982,,0.0,0.0
9,SETBP1,62.047096,,0.0,0.0
9,CD86,60.77697,,0.0,0.0
9,CPPED1,59.76968,,0.0,0.0
9,ITGAX,59.74463,,0.0,0.0
9,FGD4,59.138454,,0.0,0.0
9,LPCAT2,59.113274,,0.0,0.0
10,JARID2,94.17558,,0.0,0.0
10,AP003086.1,85.590164,,0.0,0.0
10,GAB2,83.80602,,0.0,0.0
10,PLAUR,78.85107,,0.0,0.0
10,XIST,77.848,,0.0,0.0
10,DOCK4,77.623436,,0.0,0.0
10,LRMDA,77.47972,,0.0,0.0
10,SAT1,73.52462,,0.0,0.0
10,PLEK,72.720345,,0.0,0.0
10,ATP2B1,72.58861,,0.0,0.0
10,SULF2,71.21247,,0.0,0.0
10,NAMPT,67.87424,,0.0,0.0
10,PID1,67.53246,,0.0,0.0
10,AC020916.1,66.70938,,0.0,0.0
10,CD83,66.66252,,0.0,0.0
10,ACSL1,65.522606,,0.0,0.0
10,HLA-DQB1,64.709755,,0.0,0.0
10,LYZ,63.59934,,0.0,0.0
10,KYNU,63.46306,,0.0,0.0
10,TMEM170B,63.232216,,0.0,0.0
11,SLC8A1,52.673023,,0.0,0.0
11,NAMPT,51.561893,,0.0,0.0
11,LRMDA,51.54348,,0.0,0.0
11,IRAK3,50.84492,,0.0,0.0
11,DMXL2,50.526585,,0.0,0.0
11,MCTP1,49.098804,,0.0,0.0
11,ACSL1,48.572292,,0.0,0.0
11,RBM47,48.47635,,0.0,0.0
11,CLEC7A,47.293613,,0.0,0.0
11,TLR2,47.27367,,0.0,0.0
11,LRRK2,45.615425,,0.0,0.0
11,SAT1,45.45833,,0.0,0.0
11,SLC11A1,45.411644,,0.0,0.0
11,CSF3R,44.931545,,0.0,0.0
11,FGD4,44.85329,,0.0,0.0
11,CD36,43.544308,,0.0,0.0
11,MAML3,43.280167,,0.0,0.0
11,KYNU,43.0349,,0.0,0.0
11,GAS7,41.98683,,0.0,0.0
11,PID1,41.230682,,0.0,0.0
12,ATP2B1,85.21768,,0.0,0.0
12,NAMPT,85.13565,,0.0,0.0
12,ACSL1,76.82386,,0.0,0.0
12,JARID2,74.19579,,0.0,0.0
12,GAB2,71.976234,,0.0,0.0
12,RBM47,71.74026,,0.0,0.0
12,SLC8A1,70.54882,,0.0,0.0
12,TLR2,70.37379,,0.0,0.0
12,CLEC7A,67.52871,,0.0,0.0
12,DMXL2,67.28705,,0.0,0.0
12,GAS7,64.05499,,0.0,0.0
12,LRMDA,63.61222,,0.0,0.0
12,RASGEF1B,63.317696,,0.0,0.0
12,AHR,63.10799,,0.0,0.0
12,ADGRE2,59.91462,,0.0,0.0
12,CSF3R,59.646343,,0.0,0.0
12,PLAUR,59.221188,,0.0,0.0
12,SGK1,58.19268,,0.0,0.0
12,MCTP1,58.05051,,0.0,0.0
12,ADAMTSL4-AS1,57.098473,,0.0,0.0
13,THEMIS,70.43289,,0.0,0.0
13,SAMD3,63.172955,,0.0,0.0
13,RORA,54.271378,,0.0,0.0
13,TGFBR3,54.145466,,0.0,0.0
13,PYHIN1,51.330894,,0.0,0.0
13,MYBL1,49.46738,,0.0,0.0
13,GRAP2,49.34503,,0.0,0.0
13,CCL5,48.921825,,0.0,0.0
13,NCALD,48.4077,,0.0,0.0
13,PPP2R2B,44.69208,,0.0,0.0
13,LINC01934,42.098106,,0.0,0.0
13,SCML4,40.668102,,0.0,0.0
13,CDC14A,39.151283,,0.0,0.0
13,KLRK1,38.000328,,0.0,0.0
13,TOX,36.820515,,8.671586815856242e-297,1.03233176379241e-294
13,C1orf21,36.541393,,2.4426494034211397e-292,2.775737958433113e-290
13,GLCCI1,35.114323,,4.075511955281832e-270,4.2453249534185754e-268
13,CD8A,33.6295,,6.217601054325975e-248,5.181334211938313e-246
13,PCED1B,32.554005,,1.837684215316786e-232,1.3921850116036258e-230
13,SYTL2,32.019833,,5.775622908620903e-225,4.125444934729216e-223
14,MTRNR2L8,86.59945,,0.0,0.0
14,AC105402.3,83.002,,0.0,0.0
14,LYZ,81.63788,,0.0,0.0
14,NAMPT,71.09251,,0.0,0.0
14,ATP2B1,66.16299,,0.0,0.0
14,ACSL1,64.027596,,0.0,0.0
14,CLEC7A,63.285854,,0.0,0.0
14,MEF2C,63.167942,,0.0,0.0
14,CSF3R,62.308834,,0.0,0.0
14,SAT1,61.153423,,0.0,0.0
14,IRAK3,60.468044,,0.0,0.0
14,SAMSN1,56.632183,,0.0,0.0
14,LRMDA,56.393635,,0.0,0.0
14,AHR,56.356445,,0.0,0.0
14,KYNU,56.06178,,0.0,0.0
14,CD86,55.73686,,0.0,0.0
14,RBM47,55.445847,,0.0,0.0
14,TLR2,54.93066,,0.0,0.0
14,GAB2,53.94955,,0.0,0.0
14,JARID2,53.584965,,0.0,0.0
15,CCL5,69.05425,,0.0,0.0
15,IKZF2,58.890804,,0.0,0.0
15,NKG7,57.30947,,0.0,0.0
15,GNLY,55.81165,,0.0,0.0
15,SGCD,55.34982,,0.0,0.0
15,A2M,48.42866,,0.0,0.0
15,C1orf21,47.62702,,0.0,0.0
15,TGFBR3,47.493523,,0.0,0.0
15,GZMH,46.136326,,0.0,0.0
15,NCALD,44.742905,,0.0,0.0
15,IL32,44.061806,,0.0,0.0
15,PPP2R2B,43.073055,,0.0,0.0
15,TOX,42.72787,,0.0,0.0
15,PZP,41.94995,,0.0,0.0
15,SYTL3,41.78586,,0.0,0.0
15,PYHIN1,41.314564,,0.0,0.0
15,AC093865.1,41.222755,,0.0,0.0
15,CTSW,40.76171,,0.0,0.0
15,KLRK1,39.931644,,0.0,0.0
15,MYBL1,39.603924,,0.0,0.0
16,NELL2,70.787254,,0.0,0.0
16,LEF1,62.130146,,0.0,0.0
16,PDE3B,61.638256,,0.0,0.0
16,CAMK4,55.783073,,0.0,0.0
16,THEMIS,55.769455,,0.0,0.0
16,BACH2,55.117832,,0.0,0.0
16,TXK,54.263893,,0.0,0.0
16,APBA2,53.452076,,0.0,0.0
16,PRKCA,53.19937,,0.0,0.0
16,TCF7,46.243885,,0.0,0.0
16,NR3C2,44.79201,,0.0,0.0
16,ABLIM1,41.75719,,0.0,0.0
16,RASGRF2,38.87212,,0.0,0.0
16,NRCAM,38.866497,,0.0,0.0
16,IL7R,38.28221,,0.0,0.0
16,PCED1B,37.81128,,0.0,0.0
16,DOCK9,37.752445,,0.0,0.0
16,MLLT3,37.50304,,8.217787707951242e-308,1.141359403882117e-305
16,PTPRK,36.887527,,7.323278200736662e-298,9.635892369390344e-296
16,ZEB1,36.630672,,9.295006342265635e-294,1.1618757927832043e-291
17,NAMPT,14.603733,,2.6587851611227356e-48,2.7695678761695165e-46
17,ATP2B1,8.056178,,7.871675566057045e-16,1.0580209094162695e-14
17,SLC8A1,7.3964834,,1.3983802107079203e-13,1.6260235008231632e-12
17,ANK3,5.043345,,4.5746383316628607e-07,3.5298135275176397e-06
17,INPP4B,3.2899733,,0.0010019687320270549,0.004901999667451345
17,AL136456.1,2.514589,,0.011917117986407842,0.04836492689288897
17,PID1,2.4265974,,0.015241159246787522,0.060480790661855244
17,TSHZ2,2.190893,,0.028459535491307246,0.10747558720282194
17,AL627171.2,2.0761566,,0.03787945896523726,0.13926271678396052
17,LINC02694,1.6328069,,0.1025096202485874,0.34078996093280384
17,SOX5,1.0051912,,0.31480477521902417,0.8648482835687478
17,JCHAIN,0.9566802,,0.3387287167625488,0.9125234826577284
17,LINC02506,0.34746614,,0.7282411597271798,0.9997003737040473
17,IGLV1-51,0.34640524,,0.7290381816259759,0.9997003737040473
17,LINC02109,0.34569234,,0.7295739398734409,0.9997003737040473
17,AC093916.1,0.24370274,,0.8074610557368874,0.9997003737040473
17,AC018742.1,0.21384376,,0.8306688953656447,0.9997003737040473
17,IGHV3-30,0.21043096,,0.8333313220753937,0.9997003737040473
17,HDC,0.20198292,,0.8399300841881072,0.9997003737040473
17,INHBA,0.19857435,,0.8425957148325351,0.9997003737040473
18,BANK1,72.97534,,0.0,0.0
18,AFF3,71.82097,,0.0,0.0
18,FCRL1,69.84106,,0.0,0.0
18,BACH2,69.21856,,0.0,0.0
18,IGHM,67.715034,,0.0,0.0
18,COL19A1,67.50384,,0.0,0.0
18,RALGPS2,67.12246,,0.0,0.0
18,EBF1,67.07276,,0.0,0.0
18,MS4A1,66.02232,,0.0,0.0
18,PAX5,65.44561,,0.0,0.0
18,CD74,63.349052,,0.0,0.0
18,COBLL1,61.231907,,0.0,0.0
18,AUTS2,60.431614,,0.0,0.0
18,KHDRBS2,60.253754,,0.0,0.0
18,ADAM28,60.248478,,0.0,0.0
18,LINC00926,59.543823,,0.0,0.0
18,CCSER1,58.071053,,0.0,0.0
18,BLK,58.04298,,0.0,0.0
18,PRKCE,57.759422,,0.0,0.0
18,IGHD,56.50137,,0.0,0.0
19,EBF1,65.353485,,0.0,0.0
19,BANK1,64.0474,,0.0,0.0
19,RALGPS2,57.393852,,0.0,0.0
19,AFF3,57.216278,,0.0,0.0
19,MS4A1,55.5966,,0.0,0.0
19,COBLL1,55.138676,,0.0,0.0
19,BLK,53.26985,,0.0,0.0
19,OSBPL10,52.841366,,0.0,0.0
19,CDK14,52.769485,,0.0,0.0
19,CD74,51.81037,,0.0,0.0
19,ADAM28,51.089497,,0.0,0.0
19,PAX5,49.63064,,0.0,0.0
19,ARHGAP24,49.47274,,0.0,0.0
19,EZR,48.52701,,0.0,0.0
19,WDFY4,47.67726,,0.0,0.0
19,CD79A,46.361847,,0.0,0.0
19,PLEKHG1,46.294796,,0.0,0.0
19,SEL1L3,44.49871,,0.0,0.0
19,LINC00926,43.29059,,0.0,0.0
19,SETBP1,42.93117,,0.0,0.0
20,IKZF2,58.641884,,0.0,0.0
20,PLCL1,50.256756,,0.0,0.0
20,AC093865.1,45.475254,,0.0,0.0
20,RTKN2,44.926,,0.0,0.0
20,CAMK4,41.6285,,0.0,0.0
20,LEF1,41.12695,,0.0,0.0
20,IL2RA,40.125706,,0.0,0.0
20,AL136456.1,39.331528,,0.0,0.0
20,RORA,38.19773,,0.0,0.0
20,TTN,37.32888,,5.58180600114153e-305,1.3954515002853826e-302
20,GLCCI1,36.589508,,4.199797737593294e-293,9.544994858166577e-291
20,ARID5B,36.132057,,7.1191941357556755e-286,1.4831654449490991e-283
20,TOX,35.21294,,1.267486543601155e-271,2.4374741223099137e-269
20,ZEB1,34.91454,,4.473234956432649e-267,7.987919565058303e-265
20,CD28,34.298496,,8.2625051293688825e-258,1.377084188228147e-255
20,CD247,33.660892,,2.1602078169394764e-248,3.3753247139679317e-246
20,LINC02694,33.623966,,7.490665105979627e-248,1.1015683979381804e-245
20,PDE3B,32.275043,,1.5669576084202396e-228,2.0617863268687364e-226
20,DUSP16,31.489832,,1.1969419282551317e-217,1.4961774103189147e-215
20,PHACTR2,31.20941,,7.941293781280444e-214,9.453921168191006e-212
21,ATP2B1,67.57371,,0.0,0.0
21,JARID2,63.432514,,0.0,0.0
21,GAB2,62.04338,,0.0,0.0
21,SDC2,58.14734,,0.0,0.0
21,CPEB4,56.28973,,0.0,0.0
21,DOCK4,56.17696,,0.0,0.0
21,ANPEP,56.156097,,0.0,0.0
21,CLEC7A,55.223606,,0.0,0.0
21,ITGAX,54.453655,,0.0,0.0
21,KYNU,54.332817,,0.0,0.0
21,NAMPT,53.9771,,0.0,0.0
21,SLC11A1,53.751125,,0.0,0.0
21,RBM47,53.15465,,0.0,0.0
21,TLR2,52.93945,,0.0,0.0
21,AQP9,50.444775,,0.0,0.0
21,ADGRE2,50.307327,,0.0,0.0
21,SAMSN1,49.43119,,0.0,0.0
21,FGD4,49.37705,,0.0,0.0
21,CSF3R,49.076313,,0.0,0.0
21,PPARG,47.548283,,0.0,0.0
22,RORA,53.959873,,0.0,0.0
22,SLC4A10,51.443733,,0.0,0.0
22,IL7R,47.07282,,0.0,0.0
22,MYBL1,44.517475,,0.0,0.0
22,PHACTR2,43.478798,,0.0,0.0
22,AL136456.1,42.276714,,0.0,0.0
22,PLCB1,40.67775,,0.0,0.0
22,PDE4D,39.12167,,0.0,0.0
22,SYTL2,38.615562,,0.0,0.0
22,ADAM12,38.401745,,0.0,0.0
22,LTB,35.12576,,2.7263114798406727e-270,6.196162454183347e-268
22,RUNX2,35.071438,,1.837631813380543e-269,3.828399611209465e-267
22,CAMK4,34.6618,,2.9666698808615222e-263,5.705134386272158e-261
22,ME1,34.572002,,6.658595919252953e-262,1.1890349855808846e-259
22,ZBTB16,33.3773,,2.9274495859550045e-244,4.879082643258341e-242
22,ABCB1,32.682865,,2.735902214133113e-234,4.274847209582989e-232
22,A2M,32.239853,,4.8810003192774836e-228,7.177941645996299e-226
22,COLQ,31.630138,,1.4224744528692665e-219,1.975658962318426e-217
22,GZMK,30.46385,,7.852635850213374e-204,1.0332415592386018e-201
22,LINC00299,30.232136,,8.960202502942167e-201,1.1200253128677709e-198
23,TCF4,52.49654,,0.0,0.0
23,PLEKHG1,51.10764,,0.0,0.0
23,ROR1,51.04198,,0.0,0.0
23,ARHGAP24,50.603584,,0.0,0.0
23,AL589693.1,50.403214,,0.0,0.0
23,CDK14,50.119114,,0.0,0.0
23,PRKCE,49.735733,,0.0,0.0
23,AFF3,48.84838,,0.0,0.0
23,EZR,48.20517,,0.0,0.0
23,BANK1,46.204475,,0.0,0.0
23,COBLL1,45.219166,,0.0,0.0
23,IGHM,44.97277,,0.0,0.0
23,SEL1L3,44.772034,,0.0,0.0
23,ADAM28,44.00954,,0.0,0.0
23,BACH2,43.981953,,0.0,0.0
23,RALGPS2,43.666843,,0.0,0.0
23,SESN3,42.744453,,0.0,0.0
23,MGAT5,42.539886,,0.0,0.0
23,VOPP1,42.20409,,0.0,0.0
23,ACSM3,41.997833,,0.0,0.0
24,HLA-DRA,43.703365,,0.0,0.0
24,HLA-DRB1,43.243496,,0.0,0.0
24,CD74,42.821022,,0.0,0.0
24,CST3,42.610558,,0.0,0.0
24,HLA-DQA1,42.36675,,0.0,0.0
24,CCSER1,42.28634,,0.0,0.0
24,HLA-DQB1,41.412983,,0.0,0.0
24,NEGR1,38.01672,,0.0,0.0
24,HDAC9,37.138615,,6.694096706363092e-302,1.859471307323081e-299
24,FLT3,36.08843,,3.4449961804247086e-285,8.612490451061771e-283
24,AFF3,34.54302,,1.8144438601140034e-261,4.123736045713644e-259
24,LYZ,34.28954,,1.1237199158697732e-257,2.341083158062028e-255
24,MIR181A1HG,33.741604,,1.4195809563822525e-249,2.729963377658178e-247
24,CD86,33.421757,,6.623236900211466e-245,1.1827208750377617e-242
24,ALCAM,33.360447,,5.1394608541058226e-244,8.56576809017637e-242
24,ADAM28,33.06041,,1.1024006409672286e-239,1.7225010015112946e-237
24,MEF2C,32.970116,,2.1786312368293098e-238,3.2038694659254556e-236
24,RTN1,32.866432,,6.634334450435819e-237,9.214353403383082e-235
24,GPAT3,31.385063,,3.2353236483468434e-216,4.257004800456373e-214
24,MAML3,31.204027,,9.39495799936732e-214,1.174369749920915e-211
25,GNLY,26.599424,,6.892828764364432e-156,1.723207191091108e-152
25,CD247,25.83008,,4.0741624212874176e-147,5.0927030266092717e-144
25,NCALD,23.022459,,2.777415052857246e-117,2.3145125440477053e-114
25,PRF1,22.713923,,3.263663498700747e-114,2.0397896866879665e-111
25,KLRF1,21.714579,,1.494075988791771e-104,7.470379943958854e-102
25,TXK,21.38821,,1.720363067925676e-101,7.168179449690317e-99
25,TGFBR3,21.256536,,2.868204555637802e-100,1.0243587698706435e-97
25,KLRD1,20.861023,,1.2105233448054399e-96,3.7828854525169996e-94
25,NKG7,20.671698,,6.228650086031357e-95,1.7301805794531547e-92
25,MYBL1,20.53411,,1.067544812679269e-93,2.6688620316981724e-91
25,MCTP2,20.478397,,3.3552118938550085e-93,7.6254815769432e-91
25,C1orf21,19.958704,,1.2593522815387485e-88,2.6236505865390598e-86
25,INPP4B,19.842249,,1.2857656159326704e-87,2.4726261844859049e-85
25,YES1,19.582499,,2.1806012831940975e-85,3.893930862846603e-83
25,NCAM1,19.503483,,1.0255452776312531e-84,1.7092421293854218e-82
25,PDGFD,18.656445,,1.1193635842077472e-77,1.6893064562821062e-75
25,PPP2R2B,18.65506,,1.1487283902718322e-77,1.6893064562821062e-75
25,CEP78,18.17712,,7.83419339099791e-74,1.0880824154163763e-71
25,SAMD3,17.787043,,8.905711797969465e-71,1.1718041839433507e-68
25,BNC2,17.67348,,6.712727208108978e-70,8.055973371142759e-68
26,BANK1,30.025219,,4.599754946961251e-198,1.1499387367403127e-194
26,AFF3,29.278921,,1.9242572081329712e-188,2.405321510166214e-185
26,ADAM28,28.000399,,1.606748919018011e-172,1.3389574325150093e-169
26,PLEKHG1,27.673628,,1.4504737281453245e-168,9.065460800908278e-166
26,COBLL1,27.377783,,5.043926094466639e-165,2.5219630472333196e-162
26,ARHGAP24,27.337624,,1.5154465135678004e-164,6.314360473199169e-162
26,RALGPS2,27.179152,,1.1457533187856337e-162,4.09197613852012e-160
26,BLK,26.862516,,6.02379272718023e-159,1.8824352272438218e-156
26,CDK14,26.822876,,1.7483854091835449e-158,4.856626136620959e-156
26,TCF4,26.571117,,1.4645074850808044e-155,3.661268712702011e-153
26,MS4A1,25.739197,,4.258871854225285e-146,9.679254214148374e-144
26,PAX5,25.685284,,1.7070038098077933e-145,3.5562579370995696e-143
26,PRKCE,25.535612,,7.933728506429589e-144,1.5257170204672288e-141
26,IGHM,25.422188,,1.4337433956149258e-142,2.560256063598082e-140
26,BACH2,24.934208,,3.1682661378884904e-137,5.280443563147484e-135
26,RUBCNL,24.628374,,6.275618755286652e-134,9.805654305135393e-132
26,OSBPL10,24.400354,,1.6954474126814065e-131,2.4933050186491273e-129
26,LINC00926,23.97635,,4.908823832019074e-127,6.817810877804269e-125
26,ACSM3,23.537674,,1.6788928702958322e-122,2.2090695661787268e-120
26,TRIO,23.445349,,1.4744936218583991e-121,1.843117027322999e-119
27,NRGN,30.855003,,4.7995576698290603e-209,1.199889417457265e-205
27,GP1BB,30.59657,,1.359595288113255e-205,1.6994941101415684e-202
27,PPBP,29.102922,,3.2968924357172008e-186,2.7474103630976676e-183
27,TUBB1,27.249397,,1.689393586640161e-163,1.0558709916501006e-160
27,PF4,25.833984,,3.6828368276819195e-147,1.8414184138409598e-144
27,CAVIN2,24.51868,,9.33774268382305e-133,3.890726118259604e-130
27,ITGA2B,21.315117,,8.220076390764461e-101,2.9357415681301647e-98
27,CLU,20.603333,,2.5619273470633837e-94,8.006022959573074e-92
27,ITGB3,18.274454,,1.3220704550232157e-74,3.672417930620044e-72
27,F13A1,16.78385,,3.2037998503999605e-63,8.009499625999901e-61
27,CCL5,15.318687,,5.736423439913078e-53,1.303732599980245e-50
27,SPARC,14.312769,,1.8211445054410997e-46,3.7940510530022914e-44
27,GNG11,13.85294,,1.2211105438834715e-43,2.3482895074682144e-41
27,GP9,13.79413,,2.764681548411724e-43,4.936931336449507e-41
27,HIST1H2AC,11.944047,,6.974486962117223e-33,1.1624144936862038e-30
27,THBS1,8.562816,,1.1014395000792953e-17,1.7209992188738988e-15
27,MYL9,8.475451,,2.3416924313858943e-17,3.443665340273374e-15
27,STON2,6.7583933,,1.3953014532303564e-11,1.937918685042162e-09
27,MTRNR2L8,6.609775,,3.8490396307084686e-11,5.064525829879564e-09
27,S100A9,6.538416,,6.217385236241183e-11,7.771731545301478e-09
28,AC023590.1,34.38365,,4.4265805730704383e-259,6.749313693960142e-256
28,CCDC50,34.377876,,5.399450955168114e-259,6.749313693960142e-256
28,TCF4,34.267094,,2.4271762951891413e-257,1.9094884789800547e-254
28,APP,34.260384,,3.0551815663680877e-257,1.9094884789800547e-254
28,FAM160A1,34.14322,,1.6858635155206247e-255,8.429317577603124e-253
28,RUNX2,34.06725,,2.254503070571203e-254,9.39376279404668e-252
28,RHEX,33.209175,,7.936340955002112e-242,2.834407483929326e-239
28,BCL11A,32.609188,,3.0385254658726617e-233,9.495392080852067e-231
28,LINC01374,32.467552,,3.062262936704653e-231,8.506285935290703e-229
28,PTPRS,32.143974,,1.0721313028863501e-226,2.680328257215875e-224
28,EPHB1,31.919218,,1.4451827744648921e-223,3.2845063056020273e-221
28,ZFAT,31.72051,,8.102589833090853e-221,1.6880395485605945e-218
28,DACH1,31.4344,,6.858629013919026e-217,1.3189671180613511e-214
28,TNFRSF21,31.167852,,2.9062972609876277e-213,5.189816537477907e-211
28,PDE4B,30.93606,,3.9126025738761334e-210,6.521004289793555e-208
28,COL24A1,30.648712,,2.749208280319916e-206,4.295637937999868e-204
28,PLXNA4,30.494356,,3.095846323426624e-204,4.552715181509741e-202
28,WDFY4,30.477736,,5.141311891789207e-204,7.140710960818344e-202
28,SCN9A,30.459187,,9.052642925587887e-204,1.1911372270510377e-201
28,IRF4,30.178303,,4.563210095376767e-200,5.704012619220959e-198
29,MKI67,26.452227,,3.439711736978429e-154,8.599279342446072e-151
29,RRM2,24.699863,,1.0731269749861822e-134,1.3414087187327276e-131
29,BRIP1,24.008993,,2.2400206038364493e-127,1.8666838365303747e-124
29,DTL,23.490225,,5.133994567463338e-122,3.2087466046645864e-119
29,POLQ,23.415234,,2.989838660100897e-121,1.4949193300504484e-118
29,CENPP,22.721714,,2.7333141221864453e-114,1.1388808842443524e-111
29,DIAPH3,22.712862,,3.343473607722801e-114,1.1940977170438575e-111
29,TOP2A,21.910894,,2.0452909849195524e-106,6.391534327873601e-104
29,CENPF,21.366932,,2.7139335932629436e-101,7.5387044257304e-99
29,ASPM,21.131886,,4.0503954094065265e-99,1.0125988523516316e-96
29,CEP128,17.229649,,1.5911696976343514e-66,3.6162947673507986e-64
29,LINC01572,16.758705,,4.891638867787759e-63,1.0190914307891165e-60
29,FAM111B,15.190918,,4.061932338014391e-52,7.811408342335367e-50
29,CEP78,14.247911,,4.6188828694718374e-46,8.248005124056853e-44
29,FANCC,13.932655,,4.0115846155271237e-44,6.685974359211873e-42
29,RORA,13.549563,,7.970289762139055e-42,1.2453577753342273e-39
29,GEN1,13.373022,,8.693579124123626e-41,1.2784675182534743e-38
29,HIST1H3B,13.113924,,2.740434339633359e-39,3.806158805046332e-37
29,TOX,12.863637,,7.210226257979314e-38,9.487139813130676e-36
29,AP001347.1,12.775516,,2.246543424243228e-37,2.8081792803040347e-35
30,ZNF521,15.61885,,5.417386092220308e-55,1.3543465230550768e-51
30,CDK6,15.468372,,5.672324591737902e-54,7.090405739672377e-51
30,ERG,15.265114,,1.3059952208387394e-52,1.0883293506989496e-49
30,NKAIN2,14.891647,,3.7345297755340256e-50,2.019874648063879e-47
30,MEIS1,14.8863945,,4.039749296127758e-50,2.019874648063879e-47
30,MED12L,14.714418,,5.209252086508202e-49,2.170521702711751e-46
30,SOX4,13.745169,,5.444599305507584e-43,1.9444997519669943e-40
30,DACH1,13.630427,,2.6402913792475855e-42,8.250910560148704e-40
30,AUTS2,13.4770355,,2.135153417268816e-41,5.9309817146356e-39
30,MSRB3,13.401991,,5.886289848153659e-41,1.4715724620384147e-38
30,ZNF385D,13.199354,,8.848997712690034e-40,2.0111358437931894e-37
30,ST8SIA6,13.063818,,5.300140729512874e-39,1.1041959853151822e-36
30,ATP8B4,12.985896,,1.4710700674312467e-38,2.8289808989062437e-36
30,CASC15,12.82773,,1.1467520939178452e-37,2.0477715962818664e-35
30,KIAA1211,12.720614,,4.542714072135495e-37,7.571190120225825e-35
30,ITGA9,12.62289,,1.579164801179915e-36,2.467445001843617e-34
30,NAALADL2,12.304665,,8.549048838346243e-35,1.2572130644626827e-32
30,CHRM3,12.224089,,2.3115849665346264e-34,3.2105346757425367e-32
30,TAFA2,12.173956,,4.27832375798573e-34,5.629373365770697e-32
30,PBX1,12.130006,,7.324419948729071e-34,9.155524935911338e-32
31,IFIT3,10.627522,,2.219291070695359e-26,4.422130708114691e-23
31,DOCK4,10.583938,,3.5377045664917534e-26,4.422130708114691e-23
31,RGL1,10.291052,,7.732700678844168e-25,5.593420282347287e-22
31,AQP9,10.276973,,8.94947245175566e-25,5.593420282347287e-22
31,IFIT2,10.24339,,1.2671665651216707e-24,6.335832825608354e-22
31,KYNU,10.140972,,3.6346368237019786e-24,1.5144320098758246e-21
31,AC025580.2,10.061691,,8.1584872627084e-24,2.852787969540955e-21
31,CCL3,10.039732,,1.019508792500125e-23,2.852787969540955e-21
31,WARS,10.039009,,1.0270036690347437e-23,2.852787969540955e-21
31,OAS3,9.918209,,3.469235295480256e-23,8.67308823870064e-21
31,ACSL1,9.560571,,1.1710937009663455e-21,2.6615765931053307e-19
31,EXT1,9.551418,,1.2793285962751092e-21,2.665267908906478e-19
31,HERC5,9.525213,,1.6470373047700839e-21,3.1673794322501616e-19
31,CCL4,9.435872,,3.8775380347331436e-21,6.924175062023471e-19
31,TCF7L2,9.316128,,1.2066329742947319e-20,2.0110549571578864e-18
31,ATP2B1,9.245191,,2.3482248865351072e-20,3.669101385211105e-18
31,TNFAIP6,9.213484,,3.1570696685151055e-20,4.642749512522214e-18
31,CCL3L1,9.182623,,4.2071722709522564e-20,5.8432948207670226e-18
31,AZIN1-AS1,9.176768,,4.4422411623370216e-20,5.8450541609697655e-18
31,ABTB2,9.105673,,8.573361456043238e-20,1.0716701820054048e-17
